code,name,effective_from,effective_to,confidence,note
1101,台泥,2025-05-27,2025-08-13,high,point-in-time top-N market-cap membership
1101,台泥,2025-08-14,,high,point-in-time top-N market-cap membership
1102,亞泥,2025-05-27,,high,point-in-time top-N market-cap membership
1210,大成,2025-07-01,,high,point-in-time top-N market-cap membership
1215,卜蜂,2025-05-27,2026-06-01,high,point-in-time top-N market-cap membership
1215,卜蜂,2026-06-05,2026-06-09,high,point-in-time top-N market-cap membership
1215,卜蜂,2026-06-10,,high,point-in-time top-N market-cap membership
1216,統一,2025-05-27,,high,point-in-time top-N market-cap membership
1227,佳格,2025-05-27,2025-09-10,high,point-in-time top-N market-cap membership
1227,佳格,2025-09-11,2025-09-12,high,point-in-time top-N market-cap membership
1227,佳格,2025-09-15,2025-09-16,high,point-in-time top-N market-cap membership
1227,佳格,2025-09-25,2026-01-07,high,point-in-time top-N market-cap membership
1229,聯華,2025-05-27,,high,point-in-time top-N market-cap membership
1231,聯華食,2025-05-27,2026-01-22,high,point-in-time top-N market-cap membership
1231,聯華食,2026-01-23,2026-01-26,high,point-in-time top-N market-cap membership
1231,聯華食,2026-01-30,2026-02-02,high,point-in-time top-N market-cap membership
1232,大統益,2025-05-27,2025-06-11,high,point-in-time top-N market-cap membership
1301,台塑,2025-05-27,,high,point-in-time top-N market-cap membership
1303,南亞,2025-05-27,,high,point-in-time top-N market-cap membership
1314,中石化,2025-05-27,2025-06-11,high,point-in-time top-N market-cap membership
1314,中石化,2025-06-30,2025-07-10,high,point-in-time top-N market-cap membership
1314,中石化,2025-07-14,2025-09-05,high,point-in-time top-N market-cap membership
1314,中石化,2025-09-08,2025-09-15,high,point-in-time top-N market-cap membership
1314,中石化,2025-09-17,2025-09-18,high,point-in-time top-N market-cap membership
1314,中石化,2025-09-19,2025-09-22,high,point-in-time top-N market-cap membership
1314,中石化,2025-09-25,2025-10-03,high,point-in-time top-N market-cap membership
1314,中石化,2025-10-09,2026-04-08,high,point-in-time top-N market-cap membership
1314,中石化,2026-04-09,2026-04-10,high,point-in-time top-N market-cap membership
1319,東陽,2025-05-27,,high,point-in-time top-N market-cap membership
1326,台化,2025-05-27,,high,point-in-time top-N market-cap membership
1402,遠東新,2025-05-27,2026-03-02,high,point-in-time top-N market-cap membership
1402,遠東新,2026-04-01,,high,point-in-time top-N market-cap membership
1409,新纖,2025-08-15,2025-08-22,high,point-in-time top-N market-cap membership
1409,新纖,2026-05-29,,high,point-in-time top-N market-cap membership
1434,福懋,2025-05-27,2025-08-28,high,point-in-time top-N market-cap membership
1434,福懋,2025-08-29,2025-09-01,high,point-in-time top-N market-cap membership
1434,福懋,2025-11-12,2025-11-26,high,point-in-time top-N market-cap membership
1434,福懋,2025-12-01,2025-12-10,high,point-in-time top-N market-cap membership
1434,福懋,2025-12-22,2025-12-23,high,point-in-time top-N market-cap membership
1434,福懋,2026-01-19,2026-01-20,high,point-in-time top-N market-cap membership
1434,福懋,2026-01-26,2026-01-30,high,point-in-time top-N market-cap membership
1434,福懋,2026-02-02,2026-03-11,high,point-in-time top-N market-cap membership
1442,名軒,2025-05-27,2025-08-05,high,point-in-time top-N market-cap membership
1442,名軒,2025-08-07,2025-08-08,high,point-in-time top-N market-cap membership
1476,儒鴻,2025-05-27,,high,point-in-time top-N market-cap membership
1477,聚陽,2025-05-27,,high,point-in-time top-N market-cap membership
1503,士電,2025-05-27,,high,point-in-time top-N market-cap membership
1504,東元,2025-05-27,2025-07-30,high,point-in-time top-N market-cap membership
1504,東元,2025-07-31,,high,point-in-time top-N market-cap membership
1513,中興電,2025-05-27,2026-06-01,high,point-in-time top-N market-cap membership
1514,亞力,2025-05-27,2025-09-26,high,point-in-time top-N market-cap membership
1514,亞力,2025-09-30,2025-10-02,high,point-in-time top-N market-cap membership
1514,亞力,2025-10-03,2025-10-09,high,point-in-time top-N market-cap membership
1514,亞力,2025-10-13,2025-10-27,high,point-in-time top-N market-cap membership
1514,亞力,2025-10-30,2025-11-25,high,point-in-time top-N market-cap membership
1514,亞力,2025-11-26,2025-11-27,high,point-in-time top-N market-cap membership
1514,亞力,2025-12-12,2025-12-18,high,point-in-time top-N market-cap membership
1514,亞力,2025-12-19,2025-12-31,high,point-in-time top-N market-cap membership
1514,亞力,2026-01-14,2026-03-30,high,point-in-time top-N market-cap membership
1514,亞力,2026-05-04,2026-05-05,high,point-in-time top-N market-cap membership
1514,亞力,2026-05-08,2026-05-13,high,point-in-time top-N market-cap membership
1514,亞力,2026-06-03,2026-06-10,high,point-in-time top-N market-cap membership
1519,華城,2025-05-27,,high,point-in-time top-N market-cap membership
1560,中砂,2025-05-27,,high,point-in-time top-N market-cap membership
1590,亞德客-KY,2025-05-27,,high,point-in-time top-N market-cap membership
1605,華新,2025-05-27,,high,point-in-time top-N market-cap membership
1609,大亞,2025-05-27,2026-03-11,high,point-in-time top-N market-cap membership
1711,永光,2026-04-22,2026-04-23,high,point-in-time top-N market-cap membership
1711,永光,2026-04-29,2026-04-30,high,point-in-time top-N market-cap membership
1711,永光,2026-05-05,2026-05-08,high,point-in-time top-N market-cap membership
1717,長興,2025-05-27,2025-08-01,high,point-in-time top-N market-cap membership
1717,長興,2025-09-01,2025-12-01,high,point-in-time top-N market-cap membership
1717,長興,2026-01-02,,high,point-in-time top-N market-cap membership
1722,台肥,2025-05-27,,high,point-in-time top-N market-cap membership
1736,喬山,2025-05-27,2026-05-27,high,point-in-time top-N market-cap membership
1736,喬山,2026-05-28,2026-06-01,high,point-in-time top-N market-cap membership
1736,喬山,2026-06-02,2026-06-03,high,point-in-time top-N market-cap membership
1736,喬山,2026-06-08,2026-06-09,high,point-in-time top-N market-cap membership
1736,喬山,2026-06-10,,high,point-in-time top-N market-cap membership
1773,勝一,2025-05-27,,high,point-in-time top-N market-cap membership
1785,光洋科,2025-05-27,,high,point-in-time top-N market-cap membership
1795,美時,2025-05-27,,high,point-in-time top-N market-cap membership
1802,台玻,2025-05-27,,high,point-in-time top-N market-cap membership
1808,潤隆,2025-05-27,2025-08-27,high,point-in-time top-N market-cap membership
1808,潤隆,2025-08-28,2025-09-12,high,point-in-time top-N market-cap membership
1808,潤隆,2025-09-15,2025-09-19,high,point-in-time top-N market-cap membership
1808,潤隆,2025-10-15,2025-11-13,high,point-in-time top-N market-cap membership
1808,潤隆,2025-11-24,2026-01-27,high,point-in-time top-N market-cap membership
1808,潤隆,2026-02-02,2026-02-04,high,point-in-time top-N market-cap membership
1808,潤隆,2026-02-05,2026-02-09,high,point-in-time top-N market-cap membership
1815,富喬,2025-07-16,,high,point-in-time top-N market-cap membership
1907,永豐餘,2025-05-27,2025-12-01,high,point-in-time top-N market-cap membership
1907,永豐餘,2026-01-02,,high,point-in-time top-N market-cap membership
2002,中鋼,2025-05-27,,high,point-in-time top-N market-cap membership
2006,東和鋼鐵,2025-05-27,,high,point-in-time top-N market-cap membership
2014,中鴻,2026-01-30,2026-02-03,high,point-in-time top-N market-cap membership
2015,豐興,2025-05-27,2026-05-26,high,point-in-time top-N market-cap membership
2015,豐興,2026-05-27,,high,point-in-time top-N market-cap membership
2023,燁輝,2025-05-27,2025-10-08,high,point-in-time top-N market-cap membership
2023,燁輝,2025-10-14,2025-10-21,high,point-in-time top-N market-cap membership
2023,燁輝,2025-10-23,2025-10-27,high,point-in-time top-N market-cap membership
2023,燁輝,2025-10-29,2025-10-30,high,point-in-time top-N market-cap membership
2023,燁輝,2025-10-31,2025-11-17,high,point-in-time top-N market-cap membership
2023,燁輝,2025-11-18,2025-12-15,high,point-in-time top-N market-cap membership
2023,燁輝,2025-12-16,2025-12-22,high,point-in-time top-N market-cap membership
2023,燁輝,2025-12-31,2026-01-02,high,point-in-time top-N market-cap membership
2023,燁輝,2026-01-07,2026-01-08,high,point-in-time top-N market-cap membership
2023,燁輝,2026-01-13,2026-01-14,high,point-in-time top-N market-cap membership
2023,燁輝,2026-01-30,2026-02-02,high,point-in-time top-N market-cap membership
2023,燁輝,2026-03-09,2026-03-10,high,point-in-time top-N market-cap membership
2027,大成鋼,2025-05-27,,high,point-in-time top-N market-cap membership
2049,上銀,2025-05-27,2026-06-01,high,point-in-time top-N market-cap membership
2059,川湖,2025-05-27,,high,point-in-time top-N market-cap membership
2072,世紀風電,2026-03-26,2026-05-14,high,point-in-time top-N market-cap membership
2072,世紀風電,2026-05-15,2026-05-20,high,point-in-time top-N market-cap membership
2072,世紀風電,2026-06-04,2026-06-15,high,point-in-time top-N market-cap membership
2072,世紀風電,2026-06-16,,high,point-in-time top-N market-cap membership
2101,南港,2025-05-27,2025-09-04,high,point-in-time top-N market-cap membership
2101,南港,2025-09-15,2025-10-13,high,point-in-time top-N market-cap membership
2101,南港,2025-10-14,2025-10-28,high,point-in-time top-N market-cap membership
2101,南港,2025-11-07,2025-11-11,high,point-in-time top-N market-cap membership
2101,南港,2025-11-14,2025-11-17,high,point-in-time top-N market-cap membership
2101,南港,2025-11-18,2025-12-23,high,point-in-time top-N market-cap membership
2101,南港,2025-12-26,2025-12-31,high,point-in-time top-N market-cap membership
2105,正新,2025-05-27,2025-11-03,high,point-in-time top-N market-cap membership
2105,正新,2025-12-01,,high,point-in-time top-N market-cap membership
2201,裕隆,2025-05-27,2026-03-19,high,point-in-time top-N market-cap membership
2201,裕隆,2026-03-23,2026-04-09,high,point-in-time top-N market-cap membership
2204,中華,2025-05-27,2026-04-14,high,point-in-time top-N market-cap membership
2206,三陽工業,2025-05-27,2025-10-01,high,point-in-time top-N market-cap membership
2206,三陽工業,2025-11-03,,high,point-in-time top-N market-cap membership
2207,和泰車,2025-05-27,2025-12-18,high,point-in-time top-N market-cap membership
2207,和泰車,2025-12-19,,high,point-in-time top-N market-cap membership
2208,台船,2025-09-04,2025-10-20,high,point-in-time top-N market-cap membership
2208,台船,2025-11-25,2025-12-03,high,point-in-time top-N market-cap membership
2208,台船,2026-01-20,2026-01-27,high,point-in-time top-N market-cap membership
2208,台船,2026-01-29,2026-02-03,high,point-in-time top-N market-cap membership
2208,台船,2026-02-09,2026-03-05,high,point-in-time top-N market-cap membership
2211,長榮鋼,2025-05-27,2025-12-01,high,point-in-time top-N market-cap membership
2211,長榮鋼,2026-01-02,,high,point-in-time top-N market-cap membership
2247,汎德永業,2025-07-08,2025-07-09,high,point-in-time top-N market-cap membership
2247,汎德永業,2025-07-10,2025-08-05,high,point-in-time top-N market-cap membership
2258,鴻華先進-創,2025-05-27,2026-06-01,high,point-in-time top-N market-cap membership
2301,光寶科,2025-05-27,,high,point-in-time top-N market-cap membership
2303,聯電,2025-05-27,,high,point-in-time top-N market-cap membership
2308,台達電,2025-05-27,2026-01-02,high,point-in-time top-N market-cap membership
2308,台達電,2026-02-02,,high,point-in-time top-N market-cap membership
2312,金寶,2025-05-27,2025-09-11,high,point-in-time top-N market-cap membership
2312,金寶,2025-09-12,,high,point-in-time top-N market-cap membership
2313,華通,2025-05-27,,high,point-in-time top-N market-cap membership
2317,鴻海,2025-05-27,2025-07-30,high,point-in-time top-N market-cap membership
2317,鴻海,2025-07-31,,high,point-in-time top-N market-cap membership
2324,仁寶,2025-05-27,,high,point-in-time top-N market-cap membership
2327,國巨*,2025-05-27,2025-08-14,high,point-in-time top-N market-cap membership
2327,國巨*,2025-08-25,,high,point-in-time top-N market-cap membership
2328,廣宇,2025-08-20,2025-09-18,high,point-in-time top-N market-cap membership
2328,廣宇,2025-09-19,2025-10-14,high,point-in-time top-N market-cap membership
2328,廣宇,2025-10-16,2025-11-07,high,point-in-time top-N market-cap membership
2329,華泰,2025-05-28,2025-06-02,high,point-in-time top-N market-cap membership
2329,華泰,2025-06-03,2025-07-09,high,point-in-time top-N market-cap membership
2329,華泰,2025-07-15,2025-07-16,high,point-in-time top-N market-cap membership
2329,華泰,2025-07-17,2025-07-21,high,point-in-time top-N market-cap membership
2329,華泰,2025-07-23,2025-08-07,high,point-in-time top-N market-cap membership
2329,華泰,2025-08-08,,high,point-in-time top-N market-cap membership
2330,台積電,2025-05-27,,high,point-in-time top-N market-cap membership
2337,旺宏,2025-05-27,,high,point-in-time top-N market-cap membership
2344,華邦電,2025-05-27,,high,point-in-time top-N market-cap membership
2345,智邦,2025-05-27,,high,point-in-time top-N market-cap membership
2347,聯強,2025-05-27,,high,point-in-time top-N market-cap membership
2351,順德,2026-05-08,2026-05-12,high,point-in-time top-N market-cap membership
2351,順德,2026-05-21,2026-05-22,high,point-in-time top-N market-cap membership
2351,順德,2026-05-25,2026-06-10,high,point-in-time top-N market-cap membership
2351,順德,2026-06-11,2026-06-12,high,point-in-time top-N market-cap membership
2352,佳世達,2025-05-27,2025-09-25,high,point-in-time top-N market-cap membership
2352,佳世達,2025-10-07,,high,point-in-time top-N market-cap membership
2353,宏碁,2025-05-27,,high,point-in-time top-N market-cap membership
2354,鴻準,2025-05-27,,high,point-in-time top-N market-cap membership
2356,英業達,2025-05-27,,high,point-in-time top-N market-cap membership
2357,華碩,2025-05-27,2025-06-02,high,point-in-time top-N market-cap membership
2357,華碩,2025-07-01,,high,point-in-time top-N market-cap membership
2359,所羅門,2025-08-18,2025-08-19,high,point-in-time top-N market-cap membership
2359,所羅門,2025-08-25,2025-09-01,high,point-in-time top-N market-cap membership
2360,致茂,2025-05-27,,high,point-in-time top-N market-cap membership
2362,藍天,2025-05-27,2025-08-27,high,point-in-time top-N market-cap membership
2362,藍天,2025-11-14,2025-11-17,high,point-in-time top-N market-cap membership
2363,矽統,2025-06-19,2025-06-20,high,point-in-time top-N market-cap membership
2363,矽統,2025-06-25,2025-07-01,high,point-in-time top-N market-cap membership
2363,矽統,2025-07-09,2025-11-10,high,point-in-time top-N market-cap membership
2363,矽統,2025-11-11,2025-11-12,high,point-in-time top-N market-cap membership
2363,矽統,2025-12-08,2025-12-09,high,point-in-time top-N market-cap membership
2363,矽統,2026-01-21,2026-01-23,high,point-in-time top-N market-cap membership
2363,矽統,2026-01-27,2026-01-29,high,point-in-time top-N market-cap membership
2363,矽統,2026-05-25,2026-05-26,high,point-in-time top-N market-cap membership
2367,燿華,2026-01-21,,high,point-in-time top-N market-cap membership
2368,金像電,2025-05-27,,high,point-in-time top-N market-cap membership
2371,大同,2025-05-27,2025-06-12,high,point-in-time top-N market-cap membership
2371,大同,2025-06-23,,high,point-in-time top-N market-cap membership
2374,佳能,2025-08-13,2025-08-14,high,point-in-time top-N market-cap membership
2374,佳能,2025-08-18,2025-08-22,high,point-in-time top-N market-cap membership
2374,佳能,2025-08-25,2025-09-01,high,point-in-time top-N market-cap membership
2374,佳能,2025-09-03,2025-09-04,high,point-in-time top-N market-cap membership
2374,佳能,2025-09-05,2025-10-20,high,point-in-time top-N market-cap membership
2374,佳能,2025-10-21,2025-11-04,high,point-in-time top-N market-cap membership
2374,佳能,2025-11-05,2025-11-24,high,point-in-time top-N market-cap membership
2374,佳能,2025-11-26,2025-12-02,high,point-in-time top-N market-cap membership
2374,佳能,2025-12-04,2025-12-11,high,point-in-time top-N market-cap membership
2374,佳能,2026-01-22,2026-01-23,high,point-in-time top-N market-cap membership
2374,佳能,2026-01-26,2026-02-02,high,point-in-time top-N market-cap membership
2376,技嘉,2025-05-27,2026-02-02,high,point-in-time top-N market-cap membership
2376,技嘉,2026-03-02,,high,point-in-time top-N market-cap membership
2377,微星,2025-05-27,,high,point-in-time top-N market-cap membership
2379,瑞昱,2025-05-27,,high,point-in-time top-N market-cap membership
2382,廣達,2025-05-27,,high,point-in-time top-N market-cap membership
2383,台光電,2025-06-02,2025-08-01,high,point-in-time top-N market-cap membership
2383,台光電,2025-09-01,,high,point-in-time top-N market-cap membership
2385,群光,2025-05-27,2026-02-02,high,point-in-time top-N market-cap membership
2385,群光,2026-03-02,,high,point-in-time top-N market-cap membership
2388,威盛,2025-05-27,2026-02-06,high,point-in-time top-N market-cap membership
2388,威盛,2026-02-09,2026-02-11,high,point-in-time top-N market-cap membership
2388,威盛,2026-03-20,2026-03-25,high,point-in-time top-N market-cap membership
2388,威盛,2026-03-27,2026-03-30,high,point-in-time top-N market-cap membership
2388,威盛,2026-03-31,2026-04-02,high,point-in-time top-N market-cap membership
2388,威盛,2026-04-08,,high,point-in-time top-N market-cap membership
2392,正崴,2025-05-27,2025-08-18,high,point-in-time top-N market-cap membership
2393,億光,2025-05-27,2025-09-10,high,point-in-time top-N market-cap membership
2393,億光,2025-09-22,2025-10-27,high,point-in-time top-N market-cap membership
2393,億光,2026-03-16,2026-03-18,high,point-in-time top-N market-cap membership
2393,億光,2026-03-19,2026-04-27,high,point-in-time top-N market-cap membership
2393,億光,2026-04-29,2026-04-30,high,point-in-time top-N market-cap membership
2395,研華,2025-05-27,2025-08-01,high,point-in-time top-N market-cap membership
2395,研華,2025-09-01,,high,point-in-time top-N market-cap membership
2404,漢唐,2025-05-27,,high,point-in-time top-N market-cap membership
2408,南亞科,2025-05-27,,high,point-in-time top-N market-cap membership
2409,友達,2025-05-27,,high,point-in-time top-N market-cap membership
2412,中華電,2025-05-27,2026-01-02,high,point-in-time top-N market-cap membership
2412,中華電,2026-02-02,,high,point-in-time top-N market-cap membership
2421,建準,2025-05-27,,high,point-in-time top-N market-cap membership
2428,興勤,2026-05-28,2026-06-02,high,point-in-time top-N market-cap membership
2428,興勤,2026-06-05,,high,point-in-time top-N market-cap membership
2439,美律,2025-05-27,2025-09-02,high,point-in-time top-N market-cap membership
2439,美律,2025-11-05,2025-11-24,high,point-in-time top-N market-cap membership
2441,超豐,2025-05-27,,high,point-in-time top-N market-cap membership
2449,京元電子,2025-05-27,,high,point-in-time top-N market-cap membership
2451,創見,2025-05-27,,high,point-in-time top-N market-cap membership
2454,聯發科,2025-05-27,2026-04-01,high,point-in-time top-N market-cap membership
2454,聯發科,2026-05-04,,high,point-in-time top-N market-cap membership
2455,全新,2025-07-15,2025-07-16,high,point-in-time top-N market-cap membership
2455,全新,2025-07-18,2025-07-22,high,point-in-time top-N market-cap membership
2455,全新,2025-07-25,2025-10-15,high,point-in-time top-N market-cap membership
2455,全新,2025-10-21,2025-10-23,high,point-in-time top-N market-cap membership
2455,全新,2025-10-28,2025-10-29,high,point-in-time top-N market-cap membership
2455,全新,2025-11-04,2025-11-21,high,point-in-time top-N market-cap membership
2455,全新,2025-12-23,2026-01-09,high,point-in-time top-N market-cap membership
2455,全新,2026-01-12,,high,point-in-time top-N market-cap membership
2458,義隆,2025-05-27,,high,point-in-time top-N market-cap membership
2464,盟立,2026-05-27,2026-05-28,high,point-in-time top-N market-cap membership
2464,盟立,2026-05-29,2026-06-04,high,point-in-time top-N market-cap membership
2464,盟立,2026-06-16,,high,point-in-time top-N market-cap membership
2467,志聖,2025-05-27,2025-05-28,high,point-in-time top-N market-cap membership
2467,志聖,2025-08-13,2025-08-20,high,point-in-time top-N market-cap membership
2467,志聖,2025-08-21,,high,point-in-time top-N market-cap membership
2472,立隆電,2026-05-07,,high,point-in-time top-N market-cap membership
2474,可成,2025-05-27,,high,point-in-time top-N market-cap membership
2481,強茂,2025-09-03,2025-09-04,high,point-in-time top-N market-cap membership
2481,強茂,2025-09-05,2025-09-08,high,point-in-time top-N market-cap membership
2481,強茂,2025-09-12,2025-09-15,high,point-in-time top-N market-cap membership
2481,強茂,2025-09-16,2025-09-17,high,point-in-time top-N market-cap membership
2481,強茂,2025-09-18,2025-09-23,high,point-in-time top-N market-cap membership
2481,強茂,2025-09-24,2025-09-25,high,point-in-time top-N market-cap membership
2481,強茂,2025-10-02,2025-10-08,high,point-in-time top-N market-cap membership
2481,強茂,2025-10-13,,high,point-in-time top-N market-cap membership
2486,一詮,2026-01-27,,high,point-in-time top-N market-cap membership
2492,華新科,2025-05-27,,high,point-in-time top-N market-cap membership
2498,宏達電,2025-05-27,2025-12-01,high,point-in-time top-N market-cap membership
2498,宏達電,2026-01-02,2026-05-08,high,point-in-time top-N market-cap membership
2498,宏達電,2026-05-12,,high,point-in-time top-N market-cap membership
2501,國建,2025-09-16,2025-09-18,high,point-in-time top-N market-cap membership
2501,國建,2025-10-01,2025-10-07,high,point-in-time top-N market-cap membership
2501,國建,2025-10-13,2025-10-28,high,point-in-time top-N market-cap membership
2501,國建,2025-10-29,2025-10-30,high,point-in-time top-N market-cap membership
2501,國建,2025-12-19,2025-12-22,high,point-in-time top-N market-cap membership
2501,國建,2025-12-24,2025-12-31,high,point-in-time top-N market-cap membership
2501,國建,2026-01-08,2026-01-12,high,point-in-time top-N market-cap membership
2504,國產,2025-05-27,,high,point-in-time top-N market-cap membership
2515,中工,2025-11-06,2025-11-12,high,point-in-time top-N market-cap membership
2515,中工,2025-11-17,2025-11-19,high,point-in-time top-N market-cap membership
2520,冠德,2025-05-27,2025-08-07,high,point-in-time top-N market-cap membership
2530,華建,2025-05-27,2025-07-23,high,point-in-time top-N market-cap membership
2530,華建,2025-08-14,2025-08-26,high,point-in-time top-N market-cap membership
2530,華建,2025-09-02,2025-09-03,high,point-in-time top-N market-cap membership
2530,華建,2025-09-04,2025-09-05,high,point-in-time top-N market-cap membership
2539,櫻花建,2025-05-27,2025-10-01,high,point-in-time top-N market-cap membership
2539,櫻花建,2025-11-03,,high,point-in-time top-N market-cap membership
2540,愛山林,2025-05-27,,high,point-in-time top-N market-cap membership
2542,興富發,2025-05-27,,high,point-in-time top-N market-cap membership
2543,皇昌,2025-05-27,2026-04-14,high,point-in-time top-N market-cap membership
2548,華固,2025-05-27,2026-06-02,high,point-in-time top-N market-cap membership
2548,華固,2026-06-10,2026-06-15,high,point-in-time top-N market-cap membership
2597,潤弘,2025-05-27,,high,point-in-time top-N market-cap membership
2603,長榮,2025-05-27,,high,point-in-time top-N market-cap membership
2606,裕民,2025-05-27,,high,point-in-time top-N market-cap membership
2607,榮運,2025-10-07,2026-03-16,high,point-in-time top-N market-cap membership
2609,陽明,2025-05-27,,high,point-in-time top-N market-cap membership
2610,華航,2025-05-27,,high,point-in-time top-N market-cap membership
2615,萬海,2025-05-27,,high,point-in-time top-N market-cap membership
2618,長榮航,2025-05-27,,high,point-in-time top-N market-cap membership
2633,台灣高鐵,2025-05-27,,high,point-in-time top-N market-cap membership
2634,漢翔,2025-05-27,,high,point-in-time top-N market-cap membership
2637,慧洋-KY,2025-05-27,,high,point-in-time top-N market-cap membership
2645,長榮航太,2025-05-27,,high,point-in-time top-N market-cap membership
2646,星宇航空,2025-05-27,,high,point-in-time top-N market-cap membership
2707,晶華,2025-05-27,2025-06-03,high,point-in-time top-N market-cap membership
2707,晶華,2025-07-22,2025-07-23,high,point-in-time top-N market-cap membership
2801,彰銀,2025-06-02,,high,point-in-time top-N market-cap membership
2812,台中銀,2025-05-27,,high,point-in-time top-N market-cap membership
2834,臺企銀,2025-05-27,,high,point-in-time top-N market-cap membership
2838,聯邦銀,2025-05-27,,high,point-in-time top-N market-cap membership
2845,遠東銀,2025-05-27,,high,point-in-time top-N market-cap membership
2849,安泰銀,2025-05-27,2025-08-26,high,point-in-time top-N market-cap membership
2849,安泰銀,2025-11-24,2025-11-25,high,point-in-time top-N market-cap membership
2849,安泰銀,2025-12-18,2025-12-19,high,point-in-time top-N market-cap membership
2850,新產,2025-05-27,,high,point-in-time top-N market-cap membership
2855,統一證,2025-05-27,,high,point-in-time top-N market-cap membership
2867,三商壽,2025-05-27,2025-11-03,high,point-in-time top-N market-cap membership
2867,三商壽,2025-12-01,,high,point-in-time top-N market-cap membership
2880,華南金,2025-05-27,,high,point-in-time top-N market-cap membership
2881,富邦金,2025-05-27,,high,point-in-time top-N market-cap membership
2882,國泰金,2025-05-27,2026-05-04,high,point-in-time top-N market-cap membership
2882,國泰金,2026-06-01,,high,point-in-time top-N market-cap membership
2883,凱基金,2025-05-27,,high,point-in-time top-N market-cap membership
2884,玉山金,2025-05-27,2025-11-05,high,point-in-time top-N market-cap membership
2884,玉山金,2025-11-06,,high,point-in-time top-N market-cap membership
2885,元大金,2025-05-27,,high,point-in-time top-N market-cap membership
2886,兆豐金,2025-05-27,,high,point-in-time top-N market-cap membership
2887,台新新光金,2025-05-27,,high,point-in-time top-N market-cap membership
2889,國票金,2025-05-27,,high,point-in-time top-N market-cap membership
2890,永豐金,2025-05-27,,high,point-in-time top-N market-cap membership
2891,中信金,2025-05-27,,high,point-in-time top-N market-cap membership
2892,第一金,2025-05-27,,high,point-in-time top-N market-cap membership
2897,王道銀行,2025-05-27,2025-07-31,high,point-in-time top-N market-cap membership
2897,王道銀行,2025-08-01,2025-08-05,high,point-in-time top-N market-cap membership
2897,王道銀行,2025-08-06,2025-08-12,high,point-in-time top-N market-cap membership
2897,王道銀行,2025-08-13,2025-08-15,high,point-in-time top-N market-cap membership
2897,王道銀行,2025-08-20,2025-08-22,high,point-in-time top-N market-cap membership
2903,遠百,2025-05-27,2026-04-22,high,point-in-time top-N market-cap membership
2903,遠百,2026-04-24,2026-04-30,high,point-in-time top-N market-cap membership
2903,遠百,2026-06-11,,high,point-in-time top-N market-cap membership
2912,統一超,2025-05-27,2025-06-02,high,point-in-time top-N market-cap membership
2912,統一超,2025-07-01,,high,point-in-time top-N market-cap membership
2915,潤泰全,2025-05-27,,high,point-in-time top-N market-cap membership
2923,鼎固-KY,2025-06-02,,high,point-in-time top-N market-cap membership
3005,神基,2025-05-27,,high,point-in-time top-N market-cap membership
3006,晶豪科,2025-10-30,2025-10-31,high,point-in-time top-N market-cap membership
3006,晶豪科,2025-11-06,2025-11-18,high,point-in-time top-N market-cap membership
3006,晶豪科,2025-12-24,,high,point-in-time top-N market-cap membership
3008,大立光,2025-05-27,,high,point-in-time top-N market-cap membership
3010,華立,2025-05-27,2025-06-23,high,point-in-time top-N market-cap membership
3010,華立,2025-08-05,2025-08-18,high,point-in-time top-N market-cap membership
3010,華立,2025-08-19,2025-08-20,high,point-in-time top-N market-cap membership
3010,華立,2025-11-13,2025-11-18,high,point-in-time top-N market-cap membership
3010,華立,2025-11-19,2026-05-18,high,point-in-time top-N market-cap membership
3010,華立,2026-05-19,2026-06-01,high,point-in-time top-N market-cap membership
3010,華立,2026-06-02,2026-06-16,high,point-in-time top-N market-cap membership
3013,晟銘電,2025-06-16,2025-06-17,high,point-in-time top-N market-cap membership
3013,晟銘電,2025-06-18,2025-07-14,high,point-in-time top-N market-cap membership
3013,晟銘電,2025-07-15,2025-07-17,high,point-in-time top-N market-cap membership
3013,晟銘電,2025-08-01,2025-08-06,high,point-in-time top-N market-cap membership
3013,晟銘電,2025-08-07,2025-08-21,high,point-in-time top-N market-cap membership
3013,晟銘電,2025-08-22,2025-09-03,high,point-in-time top-N market-cap membership
3013,晟銘電,2025-10-20,2025-10-21,high,point-in-time top-N market-cap membership
3013,晟銘電,2025-11-10,2025-11-13,high,point-in-time top-N market-cap membership
3013,晟銘電,2025-11-17,2025-11-18,high,point-in-time top-N market-cap membership
3013,晟銘電,2025-12-02,2025-12-16,high,point-in-time top-N market-cap membership
3016,嘉晶,2026-05-06,2026-05-15,high,point-in-time top-N market-cap membership
3016,嘉晶,2026-05-22,2026-06-02,high,point-in-time top-N market-cap membership
3016,嘉晶,2026-06-15,,high,point-in-time top-N market-cap membership
3017,奇鋐,2025-05-27,,high,point-in-time top-N market-cap membership
3019,亞光,2025-05-27,,high,point-in-time top-N market-cap membership
3023,信邦,2025-05-27,,high,point-in-time top-N market-cap membership
3026,禾伸堂,2026-04-09,,high,point-in-time top-N market-cap membership
3030,德律,2025-05-27,,high,point-in-time top-N market-cap membership
3034,聯詠,2025-05-27,,high,point-in-time top-N market-cap membership
3035,智原,2025-05-27,,high,point-in-time top-N market-cap membership
3036,文曄,2025-05-27,2025-07-15,high,point-in-time top-N market-cap membership
3036,文曄,2025-07-16,,high,point-in-time top-N market-cap membership
3037,欣興,2025-05-27,,high,point-in-time top-N market-cap membership
3042,晶技,2025-05-27,2025-12-31,high,point-in-time top-N market-cap membership
3042,晶技,2026-01-02,2026-01-07,high,point-in-time top-N market-cap membership
3042,晶技,2026-01-09,,high,point-in-time top-N market-cap membership
3044,健鼎,2025-05-27,,high,point-in-time top-N market-cap membership
3045,台灣大,2025-05-27,,high,point-in-time top-N market-cap membership
3081,聯亞,2025-05-27,2025-06-05,high,point-in-time top-N market-cap membership
3081,聯亞,2025-06-10,,high,point-in-time top-N market-cap membership
3086,華義*,2025-05-27,2026-04-09,high,point-in-time top-N market-cap membership
3090,日電貿,2025-10-28,2025-10-29,high,point-in-time top-N market-cap membership
3090,日電貿,2025-11-13,2025-11-14,high,point-in-time top-N market-cap membership
3090,日電貿,2025-12-10,2025-12-22,high,point-in-time top-N market-cap membership
3090,日電貿,2025-12-31,2026-01-27,high,point-in-time top-N market-cap membership
3090,日電貿,2026-04-14,2026-04-15,high,point-in-time top-N market-cap membership
3090,日電貿,2026-04-16,2026-04-20,high,point-in-time top-N market-cap membership
3090,日電貿,2026-05-07,2026-05-08,high,point-in-time top-N market-cap membership
3090,日電貿,2026-05-12,,high,point-in-time top-N market-cap membership
3105,穩懋,2025-05-27,,high,point-in-time top-N market-cap membership
3131,弘塑,2025-05-27,,high,point-in-time top-N market-cap membership
3163,波若威,2025-12-09,,high,point-in-time top-N market-cap membership
3167,大量,2026-03-12,2026-03-17,high,point-in-time top-N market-cap membership
3167,大量,2026-03-18,2026-03-23,high,point-in-time top-N market-cap membership
3167,大量,2026-03-25,,high,point-in-time top-N market-cap membership
3189,景碩,2025-05-27,,high,point-in-time top-N market-cap membership
3211,順達,2025-05-27,,high,point-in-time top-N market-cap membership
3227,原相,2025-05-27,2026-03-18,high,point-in-time top-N market-cap membership
3227,原相,2026-04-22,2026-05-04,high,point-in-time top-N market-cap membership
3227,原相,2026-05-08,2026-05-25,high,point-in-time top-N market-cap membership
3227,原相,2026-05-26,2026-05-27,high,point-in-time top-N market-cap membership
3227,原相,2026-06-02,2026-06-03,high,point-in-time top-N market-cap membership
3231,緯創,2025-05-27,,high,point-in-time top-N market-cap membership
3260,威剛,2025-05-27,2025-10-01,high,point-in-time top-N market-cap membership
3260,威剛,2025-10-02,,high,point-in-time top-N market-cap membership
3264,欣銓,2025-05-27,,high,point-in-time top-N market-cap membership
3293,鈊象,2025-05-27,,high,point-in-time top-N market-cap membership
3324,雙鴻,2025-05-27,,high,point-in-time top-N market-cap membership
3357,臺慶科,2026-06-15,2026-06-16,high,point-in-time top-N market-cap membership
3363,上詮,2025-05-27,,high,point-in-time top-N market-cap membership
3374,精材,2025-05-27,,high,point-in-time top-N market-cap membership
3376,新日興,2025-05-27,,high,point-in-time top-N market-cap membership
3406,玉晶光,2025-05-27,,high,point-in-time top-N market-cap membership
3413,京鼎,2025-05-27,2026-05-27,high,point-in-time top-N market-cap membership
3413,京鼎,2026-05-28,2026-05-29,high,point-in-time top-N market-cap membership
3413,京鼎,2026-06-04,2026-06-08,high,point-in-time top-N market-cap membership
3413,京鼎,2026-06-09,2026-06-11,high,point-in-time top-N market-cap membership
3413,京鼎,2026-06-12,,high,point-in-time top-N market-cap membership
3443,創意,2025-05-27,,high,point-in-time top-N market-cap membership
3450,聯鈞,2025-05-27,,high,point-in-time top-N market-cap membership
3481,群創,2025-05-27,,high,point-in-time top-N market-cap membership
3491,昇達科,2025-06-27,2025-06-30,high,point-in-time top-N market-cap membership
3491,昇達科,2025-08-27,,high,point-in-time top-N market-cap membership
3515,華擎,2025-05-27,2026-01-21,high,point-in-time top-N market-cap membership
3529,力旺,2025-05-27,,high,point-in-time top-N market-cap membership
3532,台勝科,2025-05-27,,high,point-in-time top-N market-cap membership
3533,嘉澤,2025-05-27,,high,point-in-time top-N market-cap membership
3563,牧德,2025-05-27,,high,point-in-time top-N market-cap membership
3576,聯合再生,2026-02-24,2026-04-13,high,point-in-time top-N market-cap membership
3576,聯合再生,2026-06-15,2026-06-16,high,point-in-time top-N market-cap membership
3583,辛耘,2025-06-12,2025-06-13,high,point-in-time top-N market-cap membership
3583,辛耘,2025-06-16,2025-11-06,high,point-in-time top-N market-cap membership
3583,辛耘,2026-01-05,2026-01-08,high,point-in-time top-N market-cap membership
3583,辛耘,2026-01-09,2026-01-12,high,point-in-time top-N market-cap membership
3583,辛耘,2026-02-26,2026-03-02,high,point-in-time top-N market-cap membership
3583,辛耘,2026-03-03,2026-03-09,high,point-in-time top-N market-cap membership
3583,辛耘,2026-03-11,,high,point-in-time top-N market-cap membership
3592,瑞鼎,2025-05-27,2025-08-06,high,point-in-time top-N market-cap membership
3596,智易,2025-05-27,,high,point-in-time top-N market-cap membership
3617,碩天,2025-06-05,2025-06-09,high,point-in-time top-N market-cap membership
3617,碩天,2025-07-02,2025-07-08,high,point-in-time top-N market-cap membership
3617,碩天,2025-07-10,2025-07-18,high,point-in-time top-N market-cap membership
3653,健策,2025-05-27,2026-01-02,high,point-in-time top-N market-cap membership
3653,健策,2026-02-02,,high,point-in-time top-N market-cap membership
3661,世芯-KY,2025-05-27,,high,point-in-time top-N market-cap membership
3665,貿聯-KY,2025-05-27,2026-06-10,high,point-in-time top-N market-cap membership
3665,貿聯-KY,2026-06-11,,high,point-in-time top-N market-cap membership
3673,TPK-KY,2026-05-27,2026-05-28,high,point-in-time top-N market-cap membership
3673,TPK-KY,2026-06-01,2026-06-05,high,point-in-time top-N market-cap membership
3673,TPK-KY,2026-06-08,2026-06-10,high,point-in-time top-N market-cap membership
3680,家登,2025-05-27,,high,point-in-time top-N market-cap membership
3702,大聯大,2025-05-27,,high,point-in-time top-N market-cap membership
3706,神達,2025-05-27,,high,point-in-time top-N market-cap membership
3711,日月光投控,2025-05-27,,high,point-in-time top-N market-cap membership
3714,富采,2025-05-27,2025-06-04,high,point-in-time top-N market-cap membership
3714,富采,2025-06-05,2025-06-11,high,point-in-time top-N market-cap membership
3714,富采,2025-06-12,2025-06-16,high,point-in-time top-N market-cap membership
3714,富采,2025-06-17,2025-08-08,high,point-in-time top-N market-cap membership
3714,富采,2025-08-13,2025-09-09,high,point-in-time top-N market-cap membership
3714,富采,2025-09-10,2025-10-15,high,point-in-time top-N market-cap membership
3714,富采,2026-03-06,2026-03-10,high,point-in-time top-N market-cap membership
3714,富采,2026-03-11,,high,point-in-time top-N market-cap membership
3715,定穎投控,2025-08-06,2025-09-03,high,point-in-time top-N market-cap membership
3715,定穎投控,2025-09-10,2025-09-12,high,point-in-time top-N market-cap membership
3715,定穎投控,2025-10-01,2025-10-02,high,point-in-time top-N market-cap membership
3715,定穎投控,2025-10-07,2025-10-15,high,point-in-time top-N market-cap membership
3715,定穎投控,2025-10-27,2025-10-28,high,point-in-time top-N market-cap membership
3715,定穎投控,2025-11-10,,high,point-in-time top-N market-cap membership
4123,晟德,2025-05-27,2025-10-07,high,point-in-time top-N market-cap membership
4123,晟德,2025-11-04,2025-11-06,high,point-in-time top-N market-cap membership
4123,晟德,2025-11-10,2026-04-17,high,point-in-time top-N market-cap membership
4147,中裕,2025-06-13,2025-06-17,high,point-in-time top-N market-cap membership
4147,中裕,2025-06-18,2025-07-02,high,point-in-time top-N market-cap membership
4583,台灣精銳,2025-05-27,,high,point-in-time top-N market-cap membership
4585,達明,2025-09-26,2026-05-28,high,point-in-time top-N market-cap membership
4585,達明,2026-05-29,2026-06-11,high,point-in-time top-N market-cap membership
4743,合一,2025-05-27,2025-12-26,high,point-in-time top-N market-cap membership
4743,合一,2026-01-06,2026-02-09,high,point-in-time top-N market-cap membership
4743,合一,2026-02-23,2026-02-24,high,point-in-time top-N market-cap membership
4749,新應材,2025-05-27,,high,point-in-time top-N market-cap membership
4763,材料*-KY,2025-05-27,2025-06-19,high,point-in-time top-N market-cap membership
4763,材料*-KY,2025-06-30,,high,point-in-time top-N market-cap membership
4766,南寶,2025-05-27,,high,point-in-time top-N market-cap membership
4772,台特化,2025-05-27,2025-06-27,high,point-in-time top-N market-cap membership
4772,台特化,2025-06-30,,high,point-in-time top-N market-cap membership
4904,遠傳,2025-05-27,,high,point-in-time top-N market-cap membership
4915,致伸,2025-05-27,2026-05-12,high,point-in-time top-N market-cap membership
4915,致伸,2026-05-13,2026-05-14,high,point-in-time top-N market-cap membership
4915,致伸,2026-05-15,2026-05-21,high,point-in-time top-N market-cap membership
4915,致伸,2026-06-02,,high,point-in-time top-N market-cap membership
4919,新唐,2025-05-27,2025-08-07,high,point-in-time top-N market-cap membership
4919,新唐,2025-09-18,2025-09-23,high,point-in-time top-N market-cap membership
4919,新唐,2026-02-24,,high,point-in-time top-N market-cap membership
4938,和碩,2025-05-27,,high,point-in-time top-N market-cap membership
4958,臻鼎-KY,2025-05-27,,high,point-in-time top-N market-cap membership
4961,天鈺,2025-05-27,2025-07-01,high,point-in-time top-N market-cap membership
4966,譜瑞-KY,2025-05-27,,high,point-in-time top-N market-cap membership
4971,IET-KY,2026-03-30,2026-03-31,high,point-in-time top-N market-cap membership
4971,IET-KY,2026-04-08,2026-04-09,high,point-in-time top-N market-cap membership
4971,IET-KY,2026-04-10,2026-05-08,high,point-in-time top-N market-cap membership
4971,IET-KY,2026-05-11,2026-05-19,high,point-in-time top-N market-cap membership
4971,IET-KY,2026-05-20,2026-05-25,high,point-in-time top-N market-cap membership
4971,IET-KY,2026-05-26,2026-05-27,high,point-in-time top-N market-cap membership
4971,IET-KY,2026-06-01,2026-06-02,high,point-in-time top-N market-cap membership
4979,華星光,2025-06-11,2025-06-13,high,point-in-time top-N market-cap membership
4979,華星光,2025-06-16,2025-10-13,high,point-in-time top-N market-cap membership
4979,華星光,2025-10-28,2025-11-05,high,point-in-time top-N market-cap membership
4979,華星光,2025-11-06,,high,point-in-time top-N market-cap membership
4991,環宇-KY,2025-12-23,2025-12-29,high,point-in-time top-N market-cap membership
4991,環宇-KY,2025-12-31,2026-01-02,high,point-in-time top-N market-cap membership
4991,環宇-KY,2026-01-12,2026-01-13,high,point-in-time top-N market-cap membership
4991,環宇-KY,2026-01-30,2026-02-02,high,point-in-time top-N market-cap membership
4991,環宇-KY,2026-02-03,,high,point-in-time top-N market-cap membership
5009,榮剛,2025-05-27,2025-06-05,high,point-in-time top-N market-cap membership
5009,榮剛,2025-06-09,2025-06-10,high,point-in-time top-N market-cap membership
5234,達興材料,2025-06-10,2025-07-11,high,point-in-time top-N market-cap membership
5234,達興材料,2025-07-14,2025-07-15,high,point-in-time top-N market-cap membership
5234,達興材料,2025-07-16,2025-07-24,high,point-in-time top-N market-cap membership
5234,達興材料,2025-07-28,2025-07-29,high,point-in-time top-N market-cap membership
5234,達興材料,2025-07-30,2025-08-04,high,point-in-time top-N market-cap membership
5234,達興材料,2025-08-05,,high,point-in-time top-N market-cap membership
5269,祥碩,2025-05-27,,high,point-in-time top-N market-cap membership
5274,信驊,2025-05-27,,high,point-in-time top-N market-cap membership
5289,宜鼎,2025-08-26,,high,point-in-time top-N market-cap membership
5314,世紀*,2025-09-04,2025-10-14,high,point-in-time top-N market-cap membership
5314,世紀*,2025-10-15,2025-12-08,high,point-in-time top-N market-cap membership
5314,世紀*,2025-12-09,2026-01-06,high,point-in-time top-N market-cap membership
5314,世紀*,2026-01-08,2026-01-15,high,point-in-time top-N market-cap membership
5314,世紀*,2026-01-20,2026-01-22,high,point-in-time top-N market-cap membership
5314,世紀*,2026-01-26,2026-01-27,high,point-in-time top-N market-cap membership
5314,世紀*,2026-01-28,2026-01-30,high,point-in-time top-N market-cap membership
5347,世界,2025-05-27,,high,point-in-time top-N market-cap membership
5371,中光電,2025-07-24,2026-03-26,high,point-in-time top-N market-cap membership
5371,中光電,2026-03-30,2026-04-07,high,point-in-time top-N market-cap membership
5388,中磊,2025-05-27,2025-11-04,high,point-in-time top-N market-cap membership
5434,崇越,2025-05-27,,high,point-in-time top-N market-cap membership
5439,高技,2025-08-08,2025-08-13,high,point-in-time top-N market-cap membership
5439,高技,2025-08-15,2025-10-14,high,point-in-time top-N market-cap membership
5439,高技,2025-10-15,2025-10-16,high,point-in-time top-N market-cap membership
5439,高技,2025-10-27,2026-01-19,high,point-in-time top-N market-cap membership
5439,高技,2026-01-26,2026-01-30,high,point-in-time top-N market-cap membership
5439,高技,2026-02-04,2026-02-06,high,point-in-time top-N market-cap membership
5439,高技,2026-02-09,2026-02-23,high,point-in-time top-N market-cap membership
5439,高技,2026-04-09,2026-05-28,high,point-in-time top-N market-cap membership
5439,高技,2026-06-10,2026-06-11,high,point-in-time top-N market-cap membership
5469,瀚宇博,2025-05-27,,high,point-in-time top-N market-cap membership
5475,德宏,2026-04-01,2026-05-28,high,point-in-time top-N market-cap membership
5475,德宏,2026-06-01,2026-06-08,high,point-in-time top-N market-cap membership
5483,中美晶,2025-05-27,,high,point-in-time top-N market-cap membership
5508,永信建,2025-05-27,2025-07-16,high,point-in-time top-N market-cap membership
5522,遠雄,2025-05-27,,high,point-in-time top-N market-cap membership
5530,龍巖,2025-05-27,2025-07-28,high,point-in-time top-N market-cap membership
5534,長虹,2025-05-27,2025-08-25,high,point-in-time top-N market-cap membership
5536,聖暉*,2025-05-27,,high,point-in-time top-N market-cap membership
5871,中租-KY,2025-05-27,2026-01-02,high,point-in-time top-N market-cap membership
5871,中租-KY,2026-02-02,,high,point-in-time top-N market-cap membership
5876,上海商銀,2025-05-27,,high,point-in-time top-N market-cap membership
5880,合庫金,2025-05-27,,high,point-in-time top-N market-cap membership
5903,全家,2025-05-27,,high,point-in-time top-N market-cap membership
5904,寶雅,2025-05-27,,high,point-in-time top-N market-cap membership
6005,群益證,2025-05-27,,high,point-in-time top-N market-cap membership
6023,元大期貨,2025-05-27,2025-09-17,high,point-in-time top-N market-cap membership
6023,元大期貨,2025-09-18,2025-09-19,high,point-in-time top-N market-cap membership
6023,元大期貨,2025-09-23,2025-09-30,high,point-in-time top-N market-cap membership
6023,元大期貨,2025-10-01,2025-10-07,high,point-in-time top-N market-cap membership
6023,元大期貨,2025-10-08,2026-04-22,high,point-in-time top-N market-cap membership
6023,元大期貨,2026-04-23,2026-05-05,high,point-in-time top-N market-cap membership
6116,彩晶,2026-01-06,2026-01-22,high,point-in-time top-N market-cap membership
6116,彩晶,2026-05-25,,high,point-in-time top-N market-cap membership
6121,新普,2025-05-27,,high,point-in-time top-N market-cap membership
6139,亞翔,2025-05-27,,high,point-in-time top-N market-cap membership
6147,頎邦,2025-05-27,,high,point-in-time top-N market-cap membership
6173,信昌電,2026-05-25,,high,point-in-time top-N market-cap membership
6176,瑞儀,2025-05-27,,high,point-in-time top-N market-cap membership
6182,合晶,2026-05-20,,high,point-in-time top-N market-cap membership
6187,萬潤,2025-05-27,,high,point-in-time top-N market-cap membership
6188,廣明,2025-06-05,2025-06-09,high,point-in-time top-N market-cap membership
6188,廣明,2025-06-11,2025-06-13,high,point-in-time top-N market-cap membership
6188,廣明,2025-06-26,2025-06-27,high,point-in-time top-N market-cap membership
6188,廣明,2025-08-05,2025-11-14,high,point-in-time top-N market-cap membership
6188,廣明,2025-11-18,2026-02-05,high,point-in-time top-N market-cap membership
6191,精成科,2025-05-27,,high,point-in-time top-N market-cap membership
6196,帆宣,2025-05-27,,high,point-in-time top-N market-cap membership
6197,佳必琪,2026-05-29,,high,point-in-time top-N market-cap membership
6213,聯茂,2025-05-27,,high,point-in-time top-N market-cap membership
6214,精誠,2025-05-27,2026-03-30,high,point-in-time top-N market-cap membership
6214,精誠,2026-03-31,2026-05-13,high,point-in-time top-N market-cap membership
6214,精誠,2026-05-14,2026-05-25,high,point-in-time top-N market-cap membership
6214,精誠,2026-05-28,2026-05-29,high,point-in-time top-N market-cap membership
6214,精誠,2026-06-01,,high,point-in-time top-N market-cap membership
6217,中探針,2026-04-20,2026-04-29,high,point-in-time top-N market-cap membership
6217,中探針,2026-04-30,2026-05-07,high,point-in-time top-N market-cap membership
6217,中探針,2026-05-12,2026-05-19,high,point-in-time top-N market-cap membership
6217,中探針,2026-06-02,2026-06-03,high,point-in-time top-N market-cap membership
6223,旺矽,2025-05-27,,high,point-in-time top-N market-cap membership
6239,力成,2025-05-27,,high,point-in-time top-N market-cap membership
6257,矽格,2025-05-27,,high,point-in-time top-N market-cap membership
6271,同欣電,2025-12-22,2025-12-29,high,point-in-time top-N market-cap membership
6271,同欣電,2025-12-30,2026-01-06,high,point-in-time top-N market-cap membership
6271,同欣電,2026-01-22,,high,point-in-time top-N market-cap membership
6274,台燿,2025-05-27,,high,point-in-time top-N market-cap membership
6278,台表科,2025-05-27,2025-12-24,high,point-in-time top-N market-cap membership
6278,台表科,2025-12-29,2026-01-26,high,point-in-time top-N market-cap membership
6278,台表科,2026-02-06,2026-02-24,high,point-in-time top-N market-cap membership
6278,台表科,2026-02-25,2026-03-16,high,point-in-time top-N market-cap membership
6278,台表科,2026-04-10,,high,point-in-time top-N market-cap membership
6282,康舒,2025-08-07,2025-08-08,high,point-in-time top-N market-cap membership
6282,康舒,2025-09-12,2025-09-15,high,point-in-time top-N market-cap membership
6282,康舒,2025-10-08,,high,point-in-time top-N market-cap membership
6285,啟碁,2025-05-27,,high,point-in-time top-N market-cap membership
6290,良維,2025-10-27,2026-01-28,high,point-in-time top-N market-cap membership
6290,良維,2026-02-03,2026-02-05,high,point-in-time top-N market-cap membership
6290,良維,2026-02-06,,high,point-in-time top-N market-cap membership
6409,旭隼,2025-05-27,,high,point-in-time top-N market-cap membership
6412,群電,2025-05-27,2026-04-20,high,point-in-time top-N market-cap membership
6412,群電,2026-04-21,2026-04-22,high,point-in-time top-N market-cap membership
6412,群電,2026-04-30,,high,point-in-time top-N market-cap membership
6414,樺漢,2025-05-27,,high,point-in-time top-N market-cap membership
6415,矽力*-KY,2025-05-27,,high,point-in-time top-N market-cap membership
6442,光聖,2025-05-27,2025-11-03,high,point-in-time top-N market-cap membership
6442,光聖,2025-12-01,,high,point-in-time top-N market-cap membership
6446,藥華藥,2025-05-27,,high,point-in-time top-N market-cap membership
6449,鈺邦,2026-05-29,2026-06-02,high,point-in-time top-N market-cap membership
6449,鈺邦,2026-06-09,,high,point-in-time top-N market-cap membership
6451,訊芯-KY,2026-03-18,,high,point-in-time top-N market-cap membership
6472,保瑞,2025-05-27,,high,point-in-time top-N market-cap membership
6488,環球晶,2025-05-27,,high,point-in-time top-N market-cap membership
6491,晶碩,2025-05-27,2025-06-12,high,point-in-time top-N market-cap membership
6491,晶碩,2025-11-03,2025-11-06,high,point-in-time top-N market-cap membership
6505,台塑化,2025-05-27,,high,point-in-time top-N market-cap membership
6510,精測,2025-05-27,,high,point-in-time top-N market-cap membership
6515,穎崴,2025-05-27,,high,point-in-time top-N market-cap membership
6526,達發,2025-05-27,,high,point-in-time top-N market-cap membership
6531,愛普*,2025-05-27,,high,point-in-time top-N market-cap membership
6535,順藥,2025-05-27,2025-06-30,high,point-in-time top-N market-cap membership
6535,順藥,2025-08-13,2026-02-26,high,point-in-time top-N market-cap membership
6548,長科*,2025-05-27,,high,point-in-time top-N market-cap membership
6550,北極星藥業-KY,2025-05-27,2025-11-10,high,point-in-time top-N market-cap membership
6550,北極星藥業-KY,2025-11-25,2025-11-26,high,point-in-time top-N market-cap membership
6550,北極星藥業-KY,2025-11-27,2025-11-28,high,point-in-time top-N market-cap membership
6550,北極星藥業-KY,2025-12-16,2025-12-19,high,point-in-time top-N market-cap membership
6550,北極星藥業-KY,2026-01-14,2026-01-19,high,point-in-time top-N market-cap membership
6550,北極星藥業-KY,2026-02-24,2026-02-25,high,point-in-time top-N market-cap membership
6561,是方,2025-05-27,2025-12-24,high,point-in-time top-N market-cap membership
6561,是方,2025-12-26,2026-01-12,high,point-in-time top-N market-cap membership
6561,是方,2026-01-13,2026-01-14,high,point-in-time top-N market-cap membership
6561,是方,2026-01-19,2026-01-20,high,point-in-time top-N market-cap membership
6561,是方,2026-03-04,2026-03-05,high,point-in-time top-N market-cap membership
6561,是方,2026-03-06,2026-03-11,high,point-in-time top-N market-cap membership
6584,南俊國際,2025-12-03,2025-12-04,high,point-in-time top-N market-cap membership
6584,南俊國際,2026-02-10,2026-03-03,high,point-in-time top-N market-cap membership
6584,南俊國際,2026-03-05,2026-03-06,high,point-in-time top-N market-cap membership
6584,南俊國際,2026-03-19,,high,point-in-time top-N market-cap membership
6592,和潤企業,2025-05-27,,high,point-in-time top-N market-cap membership
6605,帝寶,2025-05-27,2025-08-15,high,point-in-time top-N market-cap membership
6640,均華,2026-03-16,2026-06-04,high,point-in-time top-N market-cap membership
6669,緯穎,2025-05-27,,high,point-in-time top-N market-cap membership
6670,復盛應用,2025-05-27,2026-05-26,high,point-in-time top-N market-cap membership
6670,復盛應用,2026-05-27,,high,point-in-time top-N market-cap membership
6683,雍智科技,2026-03-11,,high,point-in-time top-N market-cap membership
6691,洋基工程,2025-05-27,,high,point-in-time top-N market-cap membership
6715,嘉基,2026-04-20,2026-04-21,high,point-in-time top-N market-cap membership
6715,嘉基,2026-05-18,2026-05-20,high,point-in-time top-N market-cap membership
6739,竹陞科技,2026-03-26,2026-03-27,high,point-in-time top-N market-cap membership
6739,竹陞科技,2026-04-02,2026-05-07,high,point-in-time top-N market-cap membership
6739,竹陞科技,2026-05-11,2026-05-12,high,point-in-time top-N market-cap membership
6757,台灣虎航,2025-05-27,2026-02-24,high,point-in-time top-N market-cap membership
6757,台灣虎航,2026-03-04,2026-03-05,high,point-in-time top-N market-cap membership
6770,力積電,2025-05-27,,high,point-in-time top-N market-cap membership
6781,AES-KY,2025-05-27,,high,point-in-time top-N market-cap membership
6789,采鈺,2025-05-27,,high,point-in-time top-N market-cap membership
6805,富世達,2025-05-27,,high,point-in-time top-N market-cap membership
6806,森崴能源,2025-05-27,2025-05-28,high,point-in-time top-N market-cap membership
6806,森崴能源,2025-06-04,2025-06-05,high,point-in-time top-N market-cap membership
6806,森崴能源,2025-06-09,2025-06-10,high,point-in-time top-N market-cap membership
6806,森崴能源,2025-07-14,2025-07-15,high,point-in-time top-N market-cap membership
6830,汎銓,2026-04-02,2026-06-02,high,point-in-time top-N market-cap membership
6830,汎銓,2026-06-03,2026-06-05,high,point-in-time top-N market-cap membership
6831,邁科,2026-04-13,2026-04-15,high,point-in-time top-N market-cap membership
6831,邁科,2026-04-17,2026-04-29,high,point-in-time top-N market-cap membership
6831,邁科,2026-04-30,,high,point-in-time top-N market-cap membership
6873,泓德能源,2025-05-27,2025-08-13,high,point-in-time top-N market-cap membership
6873,泓德能源,2025-08-22,2025-08-25,high,point-in-time top-N market-cap membership
6890,來億-KY,2025-05-27,,high,point-in-time top-N market-cap membership
6919,康霈*,2025-05-27,2025-07-14,high,point-in-time top-N market-cap membership
6919,康霈*,2025-07-21,,high,point-in-time top-N market-cap membership
6944,兆聯實業,2025-05-28,,high,point-in-time top-N market-cap membership
6949,沛爾生醫-創,2025-08-12,2025-08-13,high,point-in-time top-N market-cap membership
6949,沛爾生醫-創,2025-08-22,2025-08-25,high,point-in-time top-N market-cap membership
6949,沛爾生醫-創,2025-08-27,2025-08-29,high,point-in-time top-N market-cap membership
6949,沛爾生醫-創,2025-09-03,2025-09-16,high,point-in-time top-N market-cap membership
6949,沛爾生醫-創,2025-09-19,2025-09-22,high,point-in-time top-N market-cap membership
6949,沛爾生醫-創,2025-09-23,2025-09-24,high,point-in-time top-N market-cap membership
6949,沛爾生醫-創,2026-01-21,,high,point-in-time top-N market-cap membership
6962,奕力-KY,2025-05-27,2025-07-24,high,point-in-time top-N market-cap membership
7610,聯友金屬-創,2026-04-15,2026-04-17,high,point-in-time top-N market-cap membership
7610,聯友金屬-創,2026-04-22,2026-04-23,high,point-in-time top-N market-cap membership
7610,聯友金屬-創,2026-05-04,,high,point-in-time top-N market-cap membership
7711,永擎,2026-04-28,2026-04-29,high,point-in-time top-N market-cap membership
7711,永擎,2026-05-07,2026-05-11,high,point-in-time top-N market-cap membership
7722,LINEPAY,2025-05-27,2026-02-23,high,point-in-time top-N market-cap membership
7734,印能科技,2025-05-27,2025-10-17,high,point-in-time top-N market-cap membership
7734,印能科技,2025-10-20,2025-11-10,high,point-in-time top-N market-cap membership
7734,印能科技,2026-01-02,2026-01-08,high,point-in-time top-N market-cap membership
7734,印能科技,2026-01-12,2026-01-13,high,point-in-time top-N market-cap membership
7734,印能科技,2026-01-15,2026-01-19,high,point-in-time top-N market-cap membership
7734,印能科技,2026-01-20,2026-01-21,high,point-in-time top-N market-cap membership
7734,印能科技,2026-01-23,2026-01-26,high,point-in-time top-N market-cap membership
7734,印能科技,2026-01-27,,high,point-in-time top-N market-cap membership
7749,意騰-KY,2025-06-13,2025-07-21,high,point-in-time top-N market-cap membership
7749,意騰-KY,2025-07-22,2025-07-28,high,point-in-time top-N market-cap membership
7749,意騰-KY,2025-07-30,2025-07-31,high,point-in-time top-N market-cap membership
7749,意騰-KY,2025-08-08,2025-09-10,high,point-in-time top-N market-cap membership
7749,意騰-KY,2025-09-11,2025-09-15,high,point-in-time top-N market-cap membership
7750,新代,2025-09-17,,high,point-in-time top-N market-cap membership
7751,竑騰,2026-02-25,,high,point-in-time top-N market-cap membership
7769,鴻勁,2025-11-27,,high,point-in-time top-N market-cap membership
7780,大研生醫*,2025-09-09,2026-01-09,high,point-in-time top-N market-cap membership
7786,東方風能,2025-11-18,2025-12-12,high,point-in-time top-N market-cap membership
7786,東方風能,2025-12-15,2025-12-26,high,point-in-time top-N market-cap membership
7786,東方風能,2025-12-29,2025-12-30,high,point-in-time top-N market-cap membership
7786,東方風能,2026-01-02,2026-01-05,high,point-in-time top-N market-cap membership
7786,東方風能,2026-01-08,2026-01-21,high,point-in-time top-N market-cap membership
7795,長廣,2026-01-22,2026-01-26,high,point-in-time top-N market-cap membership
7795,長廣,2026-01-27,2026-02-10,high,point-in-time top-N market-cap membership
7795,長廣,2026-02-23,2026-03-27,high,point-in-time top-N market-cap membership
7795,長廣,2026-03-30,2026-03-31,high,point-in-time top-N market-cap membership
7795,長廣,2026-04-15,2026-04-24,high,point-in-time top-N market-cap membership
7795,長廣,2026-04-27,2026-04-28,high,point-in-time top-N market-cap membership
7795,長廣,2026-04-29,2026-05-04,high,point-in-time top-N market-cap membership
7799,禾榮科,2025-09-15,,high,point-in-time top-N market-cap membership
7822,倍利科,2026-03-30,,high,point-in-time top-N market-cap membership
7828,創新服務,2026-04-23,,high,point-in-time top-N market-cap membership
8016,矽創,2025-05-27,2025-06-12,high,point-in-time top-N market-cap membership
8016,矽創,2025-06-13,2025-06-16,high,point-in-time top-N market-cap membership
8016,矽創,2025-06-27,2025-06-30,high,point-in-time top-N market-cap membership
8016,矽創,2025-07-09,2025-07-10,high,point-in-time top-N market-cap membership
8016,矽創,2026-05-14,2026-05-15,high,point-in-time top-N market-cap membership
8016,矽創,2026-05-19,2026-05-25,high,point-in-time top-N market-cap membership
8016,矽創,2026-05-27,2026-06-15,high,point-in-time top-N market-cap membership
8021,尖點,2026-01-07,2026-02-02,high,point-in-time top-N market-cap membership
8021,尖點,2026-02-03,,high,point-in-time top-N market-cap membership
8028,昇陽半導體,2025-06-11,2025-06-16,high,point-in-time top-N market-cap membership
8028,昇陽半導體,2025-06-17,2025-06-18,high,point-in-time top-N market-cap membership
8028,昇陽半導體,2025-08-04,2025-08-13,high,point-in-time top-N market-cap membership
8028,昇陽半導體,2025-08-26,2025-08-27,high,point-in-time top-N market-cap membership
8028,昇陽半導體,2025-08-28,2025-11-18,high,point-in-time top-N market-cap membership
8028,昇陽半導體,2025-11-20,2025-11-27,high,point-in-time top-N market-cap membership
8028,昇陽半導體,2025-11-28,,high,point-in-time top-N market-cap membership
8033,雷虎,2025-08-27,2025-08-28,high,point-in-time top-N market-cap membership
8033,雷虎,2025-09-10,2025-09-11,high,point-in-time top-N market-cap membership
8039,台虹,2026-03-03,2026-03-04,high,point-in-time top-N market-cap membership
8039,台虹,2026-03-10,2026-03-23,high,point-in-time top-N market-cap membership
8039,台虹,2026-03-24,2026-03-26,high,point-in-time top-N market-cap membership
8039,台虹,2026-03-27,2026-03-31,high,point-in-time top-N market-cap membership
8039,台虹,2026-04-01,,high,point-in-time top-N market-cap membership
8046,南電,2025-05-27,,high,point-in-time top-N market-cap membership
8069,元太,2025-05-27,,high,point-in-time top-N market-cap membership
8070,長華*,2025-05-27,2026-05-14,high,point-in-time top-N market-cap membership
8070,長華*,2026-05-26,,high,point-in-time top-N market-cap membership
8110,華東,2025-12-11,2025-12-16,high,point-in-time top-N market-cap membership
8110,華東,2025-12-18,2025-12-19,high,point-in-time top-N market-cap membership
8110,華東,2025-12-22,2026-03-04,high,point-in-time top-N market-cap membership
8110,華東,2026-03-05,2026-03-09,high,point-in-time top-N market-cap membership
8110,華東,2026-03-17,2026-03-24,high,point-in-time top-N market-cap membership
8112,至上,2025-05-27,2025-06-26,high,point-in-time top-N market-cap membership
8112,至上,2025-10-17,,high,point-in-time top-N market-cap membership
8131,福懋科,2025-12-31,2026-03-03,high,point-in-time top-N market-cap membership
8131,福懋科,2026-03-05,2026-03-06,high,point-in-time top-N market-cap membership
8131,福懋科,2026-03-11,2026-03-12,high,point-in-time top-N market-cap membership
8131,福懋科,2026-03-17,2026-03-20,high,point-in-time top-N market-cap membership
8131,福懋科,2026-06-16,,high,point-in-time top-N market-cap membership
8150,南茂,2025-11-12,,high,point-in-time top-N market-cap membership
8210,勤誠,2025-05-27,,high,point-in-time top-N market-cap membership
8271,宇瞻,2026-05-08,2026-05-11,high,point-in-time top-N market-cap membership
8299,群聯,2025-05-27,,high,point-in-time top-N market-cap membership
8358,金居,2025-07-28,,high,point-in-time top-N market-cap membership
8415,大國鋼,2025-05-27,2026-05-29,high,point-in-time top-N market-cap membership
8415,大國鋼,2026-06-02,,high,point-in-time top-N market-cap membership
8422,可寧衛*,2025-05-27,2025-11-06,high,point-in-time top-N market-cap membership
8422,可寧衛*,2025-11-17,,high,point-in-time top-N market-cap membership
8454,富邦媒,2025-05-27,,high,point-in-time top-N market-cap membership
8464,億豐,2025-05-27,,high,point-in-time top-N market-cap membership
8926,台汽電,2025-05-27,,high,point-in-time top-N market-cap membership
8932,智通*,2025-05-27,2026-02-25,high,point-in-time top-N market-cap membership
8932,智通*,2026-03-09,2026-03-19,high,point-in-time top-N market-cap membership
8932,智通*,2026-03-23,2026-04-02,high,point-in-time top-N market-cap membership
8932,智通*,2026-04-07,2026-04-10,high,point-in-time top-N market-cap membership
8932,智通*,2026-04-14,2026-04-16,high,point-in-time top-N market-cap membership
8932,智通*,2026-04-17,2026-05-04,high,point-in-time top-N market-cap membership
8932,智通*,2026-05-05,2026-05-07,high,point-in-time top-N market-cap membership
8932,智通*,2026-05-13,2026-05-29,high,point-in-time top-N market-cap membership
8932,智通*,2026-06-01,,high,point-in-time top-N market-cap membership
8937,合騏*,2025-05-27,2026-04-01,high,point-in-time top-N market-cap membership
8996,高力,2025-06-12,2025-06-18,high,point-in-time top-N market-cap membership
8996,高力,2025-06-20,2025-06-25,high,point-in-time top-N market-cap membership
8996,高力,2025-07-11,2025-07-14,high,point-in-time top-N market-cap membership
8996,高力,2025-07-24,,high,point-in-time top-N market-cap membership
9105,泰金寶-DR,2025-05-27,,high,point-in-time top-N market-cap membership
9904,寶成,2025-05-27,,high,point-in-time top-N market-cap membership
9907,統一實,2025-05-27,2025-09-19,high,point-in-time top-N market-cap membership
9907,統一實,2025-09-22,2026-02-03,high,point-in-time top-N market-cap membership
9907,統一實,2026-02-05,2026-02-09,high,point-in-time top-N market-cap membership
9907,統一實,2026-02-11,2026-03-16,high,point-in-time top-N market-cap membership
9907,統一實,2026-03-31,2026-04-08,high,point-in-time top-N market-cap membership
9910,豐泰,2025-05-27,2026-04-01,high,point-in-time top-N market-cap membership
9910,豐泰,2026-05-04,,high,point-in-time top-N market-cap membership
9914,美利達,2025-05-27,2025-11-20,high,point-in-time top-N market-cap membership
9914,美利達,2025-11-21,2025-12-09,high,point-in-time top-N market-cap membership
9914,美利達,2026-01-19,2026-01-20,high,point-in-time top-N market-cap membership
9917,中保科,2025-05-27,,high,point-in-time top-N market-cap membership
9921,巨大,2025-05-27,2026-03-11,high,point-in-time top-N market-cap membership
9921,巨大,2026-03-16,2026-03-17,high,point-in-time top-N market-cap membership
9933,中鼎,2025-07-21,2025-07-22,high,point-in-time top-N market-cap membership
9933,中鼎,2025-07-23,2025-07-25,high,point-in-time top-N market-cap membership
9933,中鼎,2025-07-29,2025-10-13,high,point-in-time top-N market-cap membership
9933,中鼎,2025-10-14,2026-01-30,high,point-in-time top-N market-cap membership
9933,中鼎,2026-03-10,2026-05-11,high,point-in-time top-N market-cap membership
9933,中鼎,2026-05-14,2026-05-27,high,point-in-time top-N market-cap membership
9933,中鼎,2026-05-28,2026-05-29,high,point-in-time top-N market-cap membership
9933,中鼎,2026-06-03,,high,point-in-time top-N market-cap membership
9939,宏全,2025-05-27,2026-05-06,high,point-in-time top-N market-cap membership
9939,宏全,2026-05-11,,high,point-in-time top-N market-cap membership
9941,裕融,2025-05-27,,high,point-in-time top-N market-cap membership
9945,潤泰新,2025-05-27,2026-01-02,high,point-in-time top-N market-cap membership
9945,潤泰新,2026-02-02,,high,point-in-time top-N market-cap membership
9958,世紀鋼,2025-05-27,2025-07-01,high,point-in-time top-N market-cap membership
9958,世紀鋼,2025-08-01,2026-03-30,high,point-in-time top-N market-cap membership
